ID,Name,Full Name,Clone URL,Last Updated
663113536,API-Cocktails-Blockchain-S2,,,
669782681,API-react-IBC3,,,
640852564,API-SMS-SWIFT,,,
551900742,APP-C-openweathermap,,,
477034806,BattailleNavale,,,
375981323,botTwitter,,,
599568267,CRYPTO-API-ESGI,,,
599560350,CRYPTO-TP-CRYPTOGRAPHYE,,,
680035585,Dashboard-frontend,,,
553179039,dashelp,,,
552037862,EASYSCOOTER-ANDROID-SUPPORT,,,
574551664,ether-ibc-2022,,,
611401119,Exercices-Python-IBC,,,
574445391,GIT-IBC-2022,,,
445271360,git_tp_final,,,
552014732,LimeScooter-EASYSCOOTER-,,,
607902865,memotest,,,
670187088,MY-SMS-API-GO,,,
669780088,NFT-MARKETPLACE,,,
636593054,NodeJS-3IBC,,,
663111425,NodeJS-Blockchain-S2,,,
268944623,portfolio,,,
575448386,projet-git-esgi,,,
697673718,PROJET-GITHUB-GO,,,
664410601,projet-linux-s2,,,
659636133,projets-react-ibc,,,
663116214,ReactJS-Blockchain-S2,,,
670638841,SMS-API-Csharp,,,
640862591,SMS-API-GO,,,
630901397,SMS-API-JAVA,,,
